,CLOUDY_PIXEL_PERCENTAGE,CLOUD_COVERAGE_ASSESSMENT,CLOUD_SHADOW_PERCENTAGE,HIGH_PROBA_CLOUDS_PERCENTAGE,MEAN_SOLAR_AZIMUTH_ANGLE,MEAN_SOLAR_ZENITH_ANGLE,MEDIUM_PROBA_CLOUDS_PERCENTAGE,NODATA_PIXEL_PERCENTAGE,NOT_VEGETATED_PERCENTAGE,SNOW_ICE_PERCENTAGE,THIN_CIRRUS_PERCENTAGE,VEGETATION_PERCENTAGE,WATER_PERCENTAGE,Systemindex
0,86.579939,86.579939,0.422118,80.556136,159.045796727,54.6174644618,6.023803,94.515306,0.360174,6.818132,0.0,0.346926,0.011312,20181214T040141_20181214T040614_T47RLM
1,46.629231,46.629231,3.444717,37.698048,160.122222375,54.3146537129,8.931182,5.643979,13.320494,5.318099,0.0,12.208481,0.220743,20181214T040141_20181214T040614_T47RMM
2,9.505359,9.505359,1.235486,0.406014,160.268900223,55.182832992,9.099346,25.427961,38.301545,2.924032,0.0,27.085665,0.521541,20181214T040141_20181214T040614_T47RMN
3,27.596579,27.596579,1.313108,0.468651,160.407712813,56.0519292305,27.127928,46.247086,32.639039,2.265304,0.0,20.091064,0.316699,20181214T040141_20181214T040614_T47RMP
4,21.791597,21.791597,6.69371,0.610146,160.538774652,56.9213985798,21.181451,66.780072,19.908156,5.812453,0.0,21.039028,0.339455,20181214T040141_20181214T040614_T47RMQ
5,18.903568,18.903568,0.379157,0.053049,161.35478212,54.8904659431,18.850519,0.000265,34.583881,0.091254,0.0,31.012574,0.322896,20181214T040141_20181214T040614_T47RNN
6,53.787834,53.787834,2.458905,1.328964,161.49400996,55.7615501148,52.45887,0.000999,13.686405,4.502356,0.0,10.151763,0.367179,20181214T040141_20181214T040614_T47RNP
7,0.260257,0.260257,0.003981,0.001136,158.673625087,52.9702465261,0.117641,49.491143,31.571388,0.0,0.141479,52.108848,3.381146,20181215T042149_20181215T042612_T46RDQ
8,7.194223,7.194223,4.872518,5.612803,158.847030777,53.8328463632,1.545657,70.210105,0.860547,0.637353,0.035762,76.332462,0.117634,20181215T042149_20181215T042612_T46RDR
9,53.825006,53.825006,6.225794,35.839781,159.011445138,54.6960349571,17.985225,90.828639,1.832282,10.295168,0.0,10.135921,0.200705,20181215T042149_20181215T042612_T46RDS
10,3.972874,3.972874,0.130713,0.092272,159.749148242,52.6545847613,0.767221,2e-05,20.675722,0.0,3.113381,65.113652,2.595639,20181215T042149_20181215T042612_T46REQ
11,9.757567,9.757567,7.126533,6.505374,159.921547603,53.5196366198,2.158921,1.7e-05,3.449372,0.052146,1.093271,70.542091,0.046884,20181215T042149_20181215T042612_T46RER
12,36.656066,36.656066,8.513956,19.996677,160.085555869,54.3851615499,16.50748,2.683077,1.65275,8.039502,0.151909,28.576359,0.171315,20181215T042149_20181215T042612_T46RES
13,44.382058,44.382058,5.904702,12.034883,160.241468748,55.2505760434,32.347175,19.888833,10.684785,9.411716,0.0,7.957839,0.650425,20181215T042149_20181215T042612_T46RET
14,47.604148,47.604148,4.985826,18.216832,160.3897755,56.1168754694,29.387316,39.867896,5.662729,14.056921,0.0,6.828263,1.065843,20181215T042149_20181215T042612_T46REU
15,78.348562,78.348562,0.369228,14.468935,160.530674527,56.983496717,63.879627,59.673208,1.010355,13.339053,0.0,0.078341,0.1799,20181215T042149_20181215T042612_T46REV
16,5.795583,5.795583,2.062316,1.847121,161.005212813,53.2152312385,1.147976,2.7e-05,24.295852,0.019393,2.800486,55.994081,2.422862,20181215T042149_20181215T042612_T46RFR
17,24.365398,24.365398,11.465454,16.411768,161.168459733,54.0828249885,6.217216,7e-06,1.304548,1.265431,1.736414,48.597214,0.136642,20181215T042149_20181215T042612_T46RFS
18,39.964991,39.964991,7.848232,22.002448,161.32426353,54.9501921503,17.284293,4.6e-05,4.300204,15.935174,0.67825,13.249259,0.743999,20181215T042149_20181215T042612_T46RFT
19,55.485672,55.485672,3.674799,22.469768,161.473106014,55.8183366635,33.015904,7e-06,2.139957,20.42125,0.0,3.865047,0.490864,20181215T042149_20181215T042612_T46RFU
20,73.653364,73.653364,1.513449,24.665329,161.615217848,56.6866906163,48.988035,0.0,3.128377,12.730382,0.0,0.119877,0.20991,20181215T042149_20181215T042612_T46RFV
21,0.154103,0.154103,0.000764,0.000249,162.096780692,52.9200472349,0.116793,29.250181,22.236252,0.0,0.037061,67.628741,3.99708,20181215T042149_20181215T042612_T46RGR
22,55.869732,55.869732,3.869571,47.556153,162.258897047,53.7894367042,7.450596,9.497659,2.637394,2.501458,0.862982,25.733241,0.669266,20181215T042149_20181215T042612_T46RGS
23,43.663088,43.663088,7.812185,28.586945,162.414252354,54.6584853008,14.924981,0.009781,1.061215,18.699145,0.151162,12.273263,0.288956,20181215T042149_20181215T042612_T46RGT
24,53.802554,53.802554,3.999954,21.093826,162.563312081,55.5282068861,32.708704,7e-06,4.001911,19.250202,2.3e-05,4.960913,0.322799,20181215T042149_20181215T042612_T46RGU
25,66.481429,66.481429,1.361751,28.859735,162.70632835,56.3980319331,37.621695,0.0,4.669878,19.027883,0.0,0.00929,0.193828,20181215T042149_20181215T042612_T46RGV
26,93.542193,93.542193,0.046257,5.473183,161.750765481,57.5547037224,88.06901,0.0,0.422852,2.790323,0.0,0.0,0.010046,20181215T042149_20181215T042612_T46SFA
27,92.627857,92.627857,0.0,4.133819,161.880203354,58.4233748311,88.494039,7.825518,0.061206,3.267677,0.0,0.0,0.000252,20181215T042149_20181215T042612_T46SFB
28,79.394577,79.394577,0.304133,24.420951,162.843454169,57.2674163544,54.973626,3e-06,2.763461,12.896977,0.0,0.000139,0.11002,20181215T042149_20181215T042612_T46SGA
29,71.17091,71.17091,2.049527,58.64386,163.227610212,53.5601719029,12.174433,89.321536,0.179773,1.919404,0.352618,6.178253,0.030884,20181215T042149_20181215T042612_T47RKM
30,52.043414,52.043414,3.763772,27.447909,163.326409797,54.4441179432,24.595505,64.924425,3.419508,22.979869,0.0,3.552768,0.564217,20181215T042149_20181215T042612_T47RKN
31,50.816244,50.816244,3.624652,19.367993,163.417952291,55.3288517367,31.448251,40.086985,12.609075,14.736941,0.0,1.312936,0.442406,20181215T042149_20181215T042612_T47RKP
32,62.637612,62.637612,1.875925,31.836241,163.502420913,56.2138054377,30.801371,15.105534,4.221563,22.380707,0.0,0.011131,0.243039,20181215T042149_20181215T042612_T47RKQ
33,72.023618,72.023618,4.188277,44.851393,164.612631697,55.9865169504,27.172226,98.9739,2.19874,8.568943,0.0,0.007437,0.207587,20181215T042149_20181215T042612_T47RLQ
34,67.55684,67.55684,2.32106,36.986288,163.579907422,57.0984326681,30.570552,0.276844,6.970771,13.31283,0.0,0.047005,0.186315,20181215T042149_20181215T042612_T47SKR
35,63.082156,63.082156,3.920262,38.235253,164.690690095,56.8728601018,24.846902,81.291592,6.893981,13.843647,0.0,0.061432,0.191621,20181215T042149_20181215T042612_T47SLR
36,90.034333,90.034333,0.70111,1.341781,161.100266568,54.1369198477,88.692552,0.001022,0.555866,0.400427,0.0,1.536543,0.467528,20181216T044201_20181216T044230_T45RYM
37,84.211541,84.211541,0.358254,0.261171,161.265684402,55.0009747885,83.950371,0.000199,7.166889,0.153646,0.0,4e-05,0.22639,20181216T044201_20181216T044230_T45RYN
38,94.388618,94.388618,0.330172,0.812967,161.424435265,55.8657616918,93.57565,7.6e-05,0.899338,0.132654,0.0,0.0,0.10283,20181216T044201_20181216T044230_T45RYP
39,29.937719,29.937719,0.787048,0.40903,161.941301573,53.0123610232,29.528689,27.45418,2.147371,0.09263,0.0,52.10076,0.192354,20181216T044201_20181216T044230_T46RBR
40,81.142111,81.142111,1.002732,1.544829,162.059190345,53.8924630789,79.597282,5.360039,2.624971,0.975148,0.0,0.488018,5.052211,20181216T044201_20181216T044230_T46RBS
41,68.84848,68.84848,0.464656,0.256081,162.169003548,54.7724024566,68.592399,0.007807,16.847068,0.140419,0.0,0.002618,5.426819,20181216T044201_20181216T044230_T46RBT
42,82.29723,82.29723,0.448055,1.87676,162.271117489,55.6532007936,80.42047,0.004635,5.017532,0.279597,0.0,0.000401,6.438714,20181216T044201_20181216T044230_T46RBU
43,80.76222,80.76222,0.007877,3.015334,162.365668521,56.5343008565,77.746886,0.002372,0.532207,0.520784,0.0,3e-06,17.524287,20181216T044201_20181216T044230_T46RBV
44,88.24898,88.24898,0.44438,0.340342,163.161470071,53.6419023926,87.908638,93.535745,3.042652,0.034902,0.0,0.001437,2.564038,20181216T044201_20181216T044230_T46RCS
45,52.104812,52.104812,0.163323,0.094067,163.270139798,54.523980517,52.010745,70.499247,35.031784,0.016724,0.0,0.018366,2.113578,20181216T044201_20181216T044230_T46RCT
46,61.428963,61.428963,0.52971,0.405287,163.371777843,55.4068251688,61.023676,46.519077,26.334998,1.24647,0.0,0.028134,0.625744,20181216T044201_20181216T044230_T46RCU
47,85.244635,85.244635,0.114338,2.44843,163.46657992,56.289868,82.796204,22.432181,1.560031,4.66115,0.0,0.000385,6.02101,20181216T044201_20181216T044230_T46RCV
48,35.794236,35.794236,2.539203,9.958256,159.348584795,54.6672511027,16.602194,41.104513,1.225447,1.442756,9.233785,44.095773,0.201564,20181217T041141_20181217T041902_T46RGS
49,83.105337,83.105337,0.762352,22.835742,159.52846416,55.5231071962,60.176849,59.518874,0.380525,8.385883,0.092746,1.437327,0.026121,20181217T041141_20181217T041902_T46RGT
50,54.743005,54.743005,1.63294,9.414939,159.701118911,56.3797996813,45.328066,77.545959,11.622745,15.088576,0.0,1.337299,0.251401,20181217T041141_20181217T041902_T46RGU
51,28.6197,28.6197,3.451717,1.592435,159.866718698,57.2367802928,27.027264,94.58769,29.157621,19.035172,0.0,1.029379,0.258448,20181217T041141_20181217T041902_T46RGV
52,93.199066,93.199066,0.667642,27.162609,160.157884986,53.5267736514,63.577986,0.0,0.037764,1.401442,2.458472,1.851202,0.002674,20181217T041141_20181217T041902_T47RKL
53,58.844959,58.844959,2.581727,30.414808,160.29241083,54.4000019972,26.174548,1.3e-05,1.615645,8.139994,2.255603,13.330171,0.073566,20181217T041141_20181217T041902_T47RKM
54,78.056598,78.056598,0.509278,36.489367,160.418134416,55.2732159955,41.54731,0.0,1.284744,13.665681,0.01992,0.246034,0.085302,20181217T041141_20181217T041902_T47RKN
55,55.469347,55.469347,1.521041,12.074409,160.535554767,56.1473977289,43.394938,7.490187,14.529306,11.786404,0.0,0.548849,0.264954,20181217T041141_20181217T041902_T47RKP
56,41.081671,41.081671,4.730815,2.072982,160.64475791,57.0220042831,39.008689,29.52981,19.095376,17.239289,0.0,1.344256,0.228759,20181217T041141_20181217T041902_T47RKQ
57,71.71569,71.71569,1.855727,25.533527,161.244999298,53.247327007,41.34832,0.0,0.376498,3.022014,4.833842,9.402925,0.011672,20181217T041141_20181217T041902_T47RLL
58,29.603126,29.603126,4.27319,10.227566,161.3783807,54.1230287002,19.20926,5.6e-05,9.870795,23.613787,0.1663,8.177067,0.258115,20181217T041141_20181217T041902_T47RLM
59,46.516216,46.516216,1.264784,15.850693,161.503635123,54.9985966306,30.665523,5e-05,14.911488,14.957769,0.0,1.571787,0.153633,20181217T041141_20181217T041902_T47RLN
60,49.705418,49.705418,1.423773,10.916551,161.621250171,55.8750249306,38.788867,0.000133,23.558311,4.569194,0.0,0.201396,0.086738,20181217T041141_20181217T041902_T47RLP
61,39.941449,39.941449,5.071905,1.629666,161.731300301,56.7517758673,38.311782,0.000401,22.227693,12.949623,0.0,1.710724,0.14852,20181217T041141_20181217T041902_T47RLQ
62,13.88622,13.88622,4.231057,3.923918,162.472576074,53.8548800247,9.962302,46.733278,16.214238,16.111782,0.0,19.886254,0.467827,20181217T041141_20181217T041902_T47RMM
63,24.738859,24.738859,1.258733,3.087439,162.597064292,54.7325255364,21.65142,23.955567,33.502674,3.131462,0.0,15.642987,0.3469,20181217T041141_20181217T041902_T47RMN
64,40.993254,40.993254,1.62485,3.710137,162.714580113,55.6109327586,37.283117,3.706998,32.753596,1.185605,0.0,8.068096,0.073256,20181217T041141_20181217T041902_T47RMP
65,35.691759,35.691759,5.789351,0.874329,162.825226395,56.4895584864,34.81743,0.000587,22.114004,6.374077,0.0,9.740758,0.210578,20181217T041141_20181217T041902_T47RMQ
66,32.691231,32.691231,5.993374,1.876893,163.816226465,55.355015689,30.814338,91.854841,12.019335,4.981749,0.0,17.61201,0.503267,20181217T041141_20181217T041902_T47RNP
67,49.659681,49.659681,4.510742,1.477917,160.745980651,57.8964523197,48.181763,52.134913,16.138753,11.836737,0.0,2.508425,0.110386,20181217T041141_20181217T041902_T47SKR
68,60.938386,60.938386,3.764619,1.704207,161.834053866,57.6282625008,59.234178,0.000355,7.279421,12.685163,0.0,1.701812,0.174469,20181217T041141_20181217T041902_T47SLR
69,73.778401,73.778401,1.739012,2.960573,161.929748094,58.5055277857,70.817828,32.23415,4.442176,3.988877,0.0,0.555024,0.263852,20181217T041141_20181217T041902_T47SLS
70,56.877863,56.877863,4.033004,1.526815,162.929264082,57.3678222692,55.351049,0.000531,10.220296,10.400718,0.0,1.783756,0.318627,20181217T041141_20181217T041902_T47SMR
71,81.026272,81.026272,0.809505,2.031211,163.026933918,58.246771817,78.995061,53.759581,3.382113,7.121249,0.0,0.112328,0.160595,20181217T041141_20181217T041902_T47SMS
72,99.701212,99.701212,0.0,14.253061,159.029807,53.8878087558,85.448152,25.505856,0.0,0.062875,0.0,0.0,0.0,20181218T043159_20181218T043722_T46RBR
73,99.058237,99.058237,0.0,0.022324,159.17414435,54.756271853,99.035913,48.011717,0.000983,0.0,0.0,0.0,0.0,20181218T043159_20181218T043722_T46RBS
74,99.911216,99.911216,0.0,2.141938,159.309360083,55.6247893418,97.769278,70.022714,0.0,0.0,0.0,0.0,0.0,20181218T043159_20181218T043722_T46RBT
75,99.935123,99.935123,0.0,0.064555,159.435826661,56.4943760928,99.870569,91.750962,0.0,0.0,0.0,0.0,0.0,20181218T043159_20181218T043722_T46RBU
76,93.073504,93.073504,0.0,57.847786,159.95272991,52.7210965105,34.961551,0.0,0.00719,6.727827,0.264166,0.0,0.058066,20181218T043159_20181218T043722_T46RCQ
77,99.033456,99.033456,0.0,21.800588,160.105170262,53.5916392421,77.231425,0.0,0.0,0.625562,0.001443,0.0,0.0,20181218T043159_20181218T043722_T46RCR
78,99.610657,99.610657,0.0,0.075478,160.248849884,54.4627014641,99.535179,0.0,5.3e-05,0.0,0.0,0.0,0.0,20181218T043159_20181218T043722_T46RCS
79,99.886791,99.886791,0.0,0.141154,160.384051482,55.3336969944,99.745637,0.0,0.0,0.0,0.0,0.0,0.0,20181218T043159_20181218T043722_T46RCT
80,99.954099,99.954099,0.0,0.049037,160.511135661,56.2056510298,99.905062,3.550904,0.0,0.0,0.0,0.0,0.0,20181218T043159_20181218T043722_T46RCU
81,99.982975,99.982975,0.0,5.2e-05,160.630331343,57.0779841386,99.982923,22.982056,0.0,0.0,0.0,0.0,0.0,20181218T043159_20181218T043722_T46RCV
82,97.327791,97.327791,0.0,24.306981,161.038626735,52.4313691868,72.713858,5.420277,0.005371,2.597692,0.306952,0.0,0.023479,20181218T043159_20181218T043722_T46RDQ
83,98.380851,98.380851,0.0,41.389674,161.189427064,53.3043568779,56.923383,0.0,3e-06,1.384309,0.067793,0.0,4.6e-05,20181218T043159_20181218T043722_T46RDR
84,99.378326,99.378326,0.0,0.000116,161.332119952,54.1777466164,99.37821,0.0,1.7e-05,0.268018,0.0,0.0,0.0,20181218T043159_20181218T043722_T46RDS
85,99.875086,99.875086,0.0,0.01499,161.46698972,55.0509562685,99.860096,0.0,0.0,0.0,0.0,0.0,0.0,20181218T043159_20181218T043722_T46RDT
86,99.950051,99.950051,0.0,0.0,161.5944075,55.9250138406,99.950051,0.0,3e-06,0.0,0.0,0.0,0.0,20181218T043159_20181218T043722_T46RDU
87,99.832792,99.832792,0.0,0.571603,162.134494083,52.1507059574,99.251294,94.031286,0.0,0.064926,0.009895,0.0,0.036354,20181218T043159_20181218T043722_T46REQ
88,92.99577,92.99577,0.0,28.117055,162.283308818,53.0258539015,64.801437,73.290998,0.000137,6.942082,0.077278,0.0,0.0,20181218T043159_20181218T043722_T46RER
89,85.542682,85.542682,0.0,0.718356,162.42468657,53.9012931405,84.791404,51.385397,3.4e-05,14.201839,0.032923,0.0,0.0,20181218T043159_20181218T043722_T46RES
90,98.36327,98.36327,0.0,0.301941,162.558894412,54.7764494762,98.061329,29.492104,0.0,1.591636,0.0,0.0,0.0,20181218T043159_20181218T043722_T46RET
91,99.924703,99.924703,0.0,0.002094,162.686356426,55.6523422446,99.922609,7.932638,0.0,0.0,0.0,0.0,0.0,20181218T043159_20181218T043722_T46REU
92,99.968797,99.968797,0.0,0.0,162.80727636,56.5284071548,99.968797,0.0,0.0,0.0,0.0,0.0,0.0,20181218T043159_20181218T043722_T46REV
93,99.71282,99.71282,0.0,0.015468,163.785707432,55.388018461,99.697351,96.246356,0.0,0.0,0.0,0.0,0.0,20181218T043159_20181218T043722_T46RFU
94,99.927078,99.927078,0.0,0.007198,163.907064198,56.2655484705,99.919879,76.722836,0.0,0.0,0.0,0.0,0.0,20181218T043159_20181218T043722_T46RFV
95,99.999933,99.999933,0.0,0.000398,164.022738315,57.142603456,99.999535,54.952252,0.0,0.0,0.0,0.0,0.0,20181218T043159_20181218T043722_T46SFA
96,99.999534,99.999534,0.0,0.001203,164.133127275,58.0202035262,99.998331,33.264053,0.0,0.0,0.0,0.0,0.0,20181218T043159_20181218T043722_T46SFB
97,66.2081,66.2081,0.0,46.054444,158.507718769,54.9987544024,20.153657,94.546562,0.0,32.182088,0.0,0.0,0.002434,20181219T040149_20181219T040154_T47RLM
98,70.696098,70.696098,0.728577,43.734962,159.573785176,54.6880626636,26.961136,5.657622,0.168374,22.14857,0.0,0.477698,0.30612,20181219T040149_20181219T040154_T47RMM
99,96.442604,96.442604,0.0,40.013671,159.723826833,55.5537930423,56.428933,25.52025,0.000218,1.951723,0.0,6.2e-05,0.000227,20181219T040149_20181219T040154_T47RMN
100,98.725309,98.725309,0.0,7.705446,159.865831328,56.4204840237,91.019863,46.296963,0.0,0.878177,0.0,0.0,0.0,20181219T040149_20181219T040154_T47RMP
101,99.034,99.034,0.0,0.77188,160.00001071,57.2875639187,98.262119,66.903722,0.0,0.955675,0.0,0.0,0.00014,20181219T040149_20181219T040154_T47RMQ
102,79.078063,79.078063,0.759314,19.814119,160.7997402,55.2533986031,59.263945,0.0,0.906785,13.536468,0.0,1.761992,0.065308,20181219T040149_20181219T040154_T47RNN
103,98.370124,98.370124,0.0,9.306635,160.942449467,56.1221196123,89.063489,0.0,0.000352,1.324133,0.0,0.0,0.0,20181219T040149_20181219T040154_T47RNP
104,79.72891,79.72891,0.349995,0.816384,160.507836287,54.429471366,78.912526,0.000763,0.170671,1.936996,0.0,0.625749,0.220824,20181221T044209_20181221T044653_T45RYM
105,82.159204,82.159204,0.034121,7.403261,160.677586995,55.2908090219,74.755943,0.000285,0.058391,5.637353,0.0,1.7e-05,0.110103,20181221T044209_20181221T044653_T45RYN
106,93.713955,93.713955,0.10782,8.901534,160.840444825,56.1529263413,84.812421,0.000163,0.051062,0.799186,0.0,0.0,0.050849,20181221T044209_20181221T044653_T45RYP
107,23.71692,23.71692,5.657385,2.216689,161.336150305,53.2994895277,21.491294,27.160758,3.075492,3.319049,0.008937,44.053355,0.249501,20181221T044209_20181221T044653_T46RBR
108,78.503219,78.503219,0.132737,0.908391,161.459198919,54.1773368542,77.594829,5.171453,0.107122,4.249869,0.0,0.155815,2.988553,20181221T044209_20181221T044653_T46RBS
109,72.611272,72.611272,0.30191,3.136932,161.574006975,55.0550522868,69.474339,0.025126,1.447111,11.101362,0.0,9.6e-05,4.848203,20181221T044209_20181221T044653_T46RBT
110,84.74527,84.74527,0.370645,10.324138,161.680878078,55.9336744235,74.421132,0.002425,0.636022,1.96809,0.0,1e-05,6.64289,20181221T044209_20181221T044653_T46RBU
111,82.234243,82.234243,0.111313,16.524544,161.780024652,56.8126261118,65.709698,0.002973,0.064667,0.436959,0.0,0.00136,16.484301,20181221T044209_20181221T044653_T46RBV
112,83.667233,83.667233,0.023539,0.145772,162.553130641,53.9178357462,83.521461,93.276554,0.005774,4.160173,0.0,9.9e-05,1.093388,20181221T044209_20181221T044653_T46RCS
113,53.082173,53.082173,0.50237,2.073889,162.667050155,54.797763483,51.008284,70.164096,1.844789,31.384078,0.0,0.000289,2.180177,20181221T044209_20181221T044653_T46RCT
114,74.697595,74.697595,0.681738,5.710428,162.773726639,55.6784926996,68.987167,46.08776,1.585167,14.086112,0.0,7.4e-05,0.580545,20181221T044209_20181221T044653_T46RCU
115,91.093601,91.093601,0.149096,11.728294,162.87335408,56.5594546491,79.365307,22.04513,0.082104,2.240931,0.0,0.000604,4.246794,20181221T044209_20181221T044653_T46RCV
116,76.46414,76.46414,2.833672,2.332615,161.242756284,57.8730746239,74.131525,44.818917,1.878072,5.445598,0.0,0.509643,0.155944,20181222T041149_20181222T041151_T47SLR
117,82.978935,82.978935,1.574739,2.667547,161.342754192,58.7480370867,80.311388,0.000166,1.188452,2.720755,0.0,0.209598,0.219555,20181222T041149_20181222T041151_T47SLS
118,70.069424,70.069424,4.197655,2.711086,162.331200829,57.6038607018,67.358339,22.108635,3.260047,6.661707,0.0,0.811657,0.274346,20181222T041149_20181222T041151_T47SMR
119,91.134671,91.134671,0.625264,2.228603,162.433394733,58.4805654812,88.906068,3.3e-05,0.379879,3.026391,0.0,0.026798,0.070587,20181222T041149_20181222T041151_T47SMS
120,14.874883,14.874883,3.046125,0.425163,158.38352489,54.1351564236,14.44972,25.858703,2.887132,3.951977,0.0,58.918124,0.17347,20181223T043201_20181223T043736_T46RBR
121,76.72006,76.72006,0.335705,1.5113,158.533160296,55.0007096009,75.208759,48.430476,0.139065,6.461456,0.0,0.626915,1.99049,20181223T043201_20181223T043736_T46RBS
122,45.818234,45.818234,0.517413,3.050957,158.673412453,55.8663871833,42.767277,70.412093,6.720854,26.875153,0.0,0.000516,11.755569,20181223T043201_20181223T043736_T46RBT
123,65.774897,65.774897,1.479234,10.449317,158.804783132,56.7331622983,55.32558,92.080164,9.986109,12.179866,0.0,0.001089,0.031964,20181223T043201_20181223T043736_T46RBU
124,0.443758,0.443758,0.759703,0.287746,159.292793548,52.9618490329,0.156012,4.6e-05,26.39876,0.002923,0.0,60.161233,2.874498,20181223T043201_20181223T043736_T46RCQ
125,14.019616,14.019616,3.20239,0.434412,159.451007772,53.8295091422,13.585204,0.000883,3.588434,5.774707,0.0,55.324316,0.267981,20181223T043201_20181223T043736_T46RCR
126,78.632454,78.632454,0.539779,1.03049,159.600277114,54.6977295449,77.601963,0.000587,0.204579,5.812122,0.0,1.300866,0.291351,20181223T043201_20181223T043736_T46RCS
127,54.022094,54.022094,0.999489,2.699807,159.740790341,55.5659501654,51.322287,0.007933,3.399376,30.275199,0.0,0.000365,1.351417,20181223T043201_20181223T043736_T46RCT
128,60.053281,60.053281,1.082302,6.367843,159.873046446,56.4351544551,53.685439,3.782267,4.735094,22.954661,0.0,0.007648,0.584356,20181223T043201_20181223T043736_T46RCU
129,93.723665,93.723665,0.051248,15.602444,159.997152436,57.3047969973,78.121221,23.307361,0.096313,3.06766,0.0,1.7e-05,0.49502,20181223T043201_20181223T043736_T46RCV
130,0.440591,0.440591,0.488316,0.259702,160.370673025,52.6624226495,0.180696,5.301044,29.053473,0.0,0.000193,58.344817,3.704686,20181223T043201_20181223T043736_T46RDQ
131,19.572163,19.572163,2.840937,0.7656,160.527559523,53.5326014756,18.806563,0.000246,1.815526,4.944621,0.0,56.907427,0.171354,20181223T043201_20181223T043736_T46RDR
132,68.334008,68.334008,1.460044,0.777758,160.676120433,54.4032259706,67.55625,0.000392,1.356481,9.891645,0.0,2.783804,0.219526,20181223T043201_20181223T043736_T46RDS
133,66.118375,66.118375,2.198725,2.212003,160.816584895,55.2737282263,63.906372,0.001211,4.90287,10.310764,0.0,0.240095,0.369028,20181223T043201_20181223T043736_T46RDT
134,74.61778,74.61778,0.84327,2.690441,160.949429353,56.1451059387,71.927339,0.000574,0.963217,8.965775,0.0,0.269579,0.290913,20181223T043201_20181223T043736_T46RDU
135,0.103404,0.103404,0.286644,0.016569,161.458700655,52.3719019069,0.086835,93.932498,16.342138,0.0,0.0,78.219724,1.472207,20181223T043201_20181223T043736_T46REQ
136,2.049795,2.049795,5.54984,1.463039,161.613916751,53.2443191557,0.584587,73.070204,0.987018,0.332908,0.002168,79.343283,0.069437,20181223T043201_20181223T043736_T46RER
137,30.103722,30.103722,7.100983,2.056163,161.761427353,54.1170774977,28.047559,51.190645,2.47167,8.884136,0.0,30.502194,0.335643,20181223T043201_20181223T043736_T46RES
138,51.685414,51.685414,4.464152,3.023276,161.901520102,54.9895971415,48.662138,29.29149,6.355248,6.937967,0.0,7.203447,0.567991,20181223T043201_20181223T043736_T46RET
139,46.624658,46.624658,3.013176,1.463041,162.034649861,55.8628874573,45.161617,7.817031,4.710769,9.998467,0.0,6.9662,1.364535,20181223T043201_20181223T043736_T46REU
140,68.107625,68.107625,0.96494,2.15856,162.160991187,56.7363915215,65.949064,0.000342,2.991968,12.285234,0.0,0.100498,0.371589,20181223T043201_20181223T043736_T46REV
141,35.658388,35.658388,2.583702,0.665276,163.127452475,55.588890903,34.993112,96.189308,5.750488,11.030903,0.0,10.066989,1.655659,20181223T043201_20181223T043736_T46RFU
142,52.572692,52.572692,2.932979,1.258415,163.254492544,56.463929875,51.314276,76.541817,8.504904,13.794254,0.0,0.582138,0.408963,20181223T043201_20181223T043736_T46RFV
143,71.309092,71.309092,0.841353,5.0195,163.37560309,57.3385294258,66.289592,54.832447,4.41425,13.4976,0.0,0.021581,0.202747,20181223T043201_20181223T043736_T46SFA
144,93.305933,93.305933,0.069597,13.8538,163.491196659,58.2137042385,79.452133,33.058336,0.171032,4.177271,0.0,1e-05,0.045276,20181223T043201_20181223T043736_T46SFB
145,13.670892,13.670892,2.530174,0.625048,157.854132186,55.2135077963,13.045844,94.776791,4.974277,33.19037,0.0,18.294851,0.888534,20181224T040151_20181224T040854_T47RLM
146,18.613188,18.613188,4.713338,0.675192,158.913161347,54.893290807,17.937995,5.922535,8.919338,15.707196,0.0,22.458002,0.813418,20181224T040151_20181224T040854_T47RMM
147,17.625362,17.625362,5.722352,1.195956,159.06866033,55.7559930852,16.429406,25.80111,17.564039,17.720436,0.0,18.044512,0.455847,20181224T040151_20181224T040854_T47RMN
148,20.159113,20.159113,5.061071,3.249143,159.215960972,56.6196877536,16.90997,46.616188,18.984602,21.438329,0.0,16.668166,0.337988,20181224T040151_20181224T040854_T47RMP
149,12.45715,12.45715,10.994592,1.246578,159.355179197,57.4838309769,11.210572,67.193365,14.181845,22.758323,0.0,15.465872,0.351569,20181224T040151_20181224T040854_T47RMQ
150,19.732543,19.732543,4.792322,1.606059,160.137960371,55.446003462,18.126483,0.000385,16.461299,13.265972,0.0,26.579678,0.18992,20181224T040151_20181224T040854_T47RNN
151,32.197949,32.197949,4.497227,3.953638,160.286225047,56.3117963686,28.244311,0.000637,9.414498,29.726714,0.0,7.782283,0.403236,20181224T040151_20181224T040854_T47RNP
152,1.395863,1.395863,1.431821,0.828154,157.432013919,53.504464515,0.525407,49.379933,28.635716,0.029606,0.042302,51.795328,3.524895,20181225T042159_20181225T042153_T46RDQ
153,70.322266,70.322266,4.286842,63.612264,157.61504239,54.3609763236,5.474913,70.094311,0.833695,0.269615,1.235089,18.416604,0.03913,20181225T042159_20181225T042153_T46RDR
154,95.410484,95.410484,0.416979,93.050683,157.788723329,55.2181761306,2.359801,90.696049,0.177376,2.054761,0.0,0.14792,0.0521,20181225T042159_20181225T042153_T46RDS
155,5.532315,5.532315,2.813026,4.39697,158.490352723,53.1707601296,0.785821,8.6e-05,22.168376,0.211144,0.349525,60.379857,2.822521,20181225T042159_20181225T042153_T46REQ
156,44.082009,44.082009,5.947423,36.291745,158.672999979,54.0298429059,6.192867,0.000189,4.347605,0.513954,1.597396,35.963345,0.07429,20181225T042159_20181225T042153_T46RER
157,87.92696,87.92696,1.48569,80.41786,158.846867842,54.8894948042,6.257821,2.619165,0.454606,1.769652,1.251279,4.197232,0.042289,20181225T042159_20181225T042153_T46RES
158,72.015171,72.015171,2.071429,53.092402,159.012259815,55.7491275461,18.922769,19.765435,4.190999,7.763227,0.0,1.410735,0.282399,20181225T042159_20181225T042153_T46RET
159,67.341363,67.341363,3.0811,40.379414,159.169682875,56.6097250843,26.961949,39.762342,2.242052,8.36112,0.0,1.924785,0.75985,20181225T042159_20181225T042153_T46REU
160,64.023262,64.023262,1.109177,1.890677,159.319342257,57.4707213703,62.132585,59.57967,3.431227,11.659031,0.0,0.124808,0.585912,20181225T042159_20181225T042153_T46REV
161,4.795946,4.795946,2.456122,3.411031,159.740384128,53.7072059336,1.08257,0.000202,24.668647,0.082893,0.302345,57.145816,2.667627,20181225T042159_20181225T042153_T46RFR
162,58.347077,58.347077,2.574249,49.561703,159.914080552,54.5690537635,7.201274,2e-05,4.912052,0.193506,1.584099,28.530881,0.106373,20181225T042159_20181225T042153_T46RFS
163,89.401581,89.401581,1.067823,77.250576,160.079920612,55.4307625752,11.744158,0.0,1.083955,2.083112,0.406847,1.408642,0.127412,20181225T042159_20181225T042153_T46RFT
164,85.360801,85.360801,0.739363,70.473284,160.238410826,56.2933240362,14.887518,0.000368,0.50366,5.69759,0.0,0.384499,0.39152,20181225T042159_20181225T042153_T46RFU
165,43.143837,43.143837,3.160425,2.62192,160.38978425,57.1561684307,40.521917,0.000667,13.444132,17.277917,0.0,0.953769,0.551044,20181225T042159_20181225T042153_T46RFV
166,0.592822,0.592822,0.723541,0.242298,160.81599028,53.393501746,0.272045,29.363623,21.157587,0.0,0.078479,67.975324,3.898045,20181225T042159_20181225T042153_T46RGR
167,28.487182,28.487182,3.556027,22.03207,160.989140489,54.2572838736,5.934596,9.596856,4.551069,0.705218,0.520516,50.781828,0.692501,20181225T042159_20181225T042153_T46RGS
168,95.348991,95.348991,0.329582,88.527256,161.155082989,55.1208083194,6.691831,0.013361,0.076662,1.813269,0.129904,0.224913,0.06768,20181225T042159_20181225T042153_T46RGT
169,75.980749,75.980749,1.331934,52.597725,161.314315996,55.9850758829,23.303176,2.3e-05,1.25783,13.169296,0.079847,0.410749,0.104047,20181225T042159_20181225T042153_T46RGU
170,29.036094,29.036094,3.938194,1.761918,161.467089252,56.8495164977,27.274176,0.000149,17.192897,32.664952,0.0,0.455424,0.273516,20181225T042159_20181225T042153_T46RGV
171,75.246326,75.246326,0.70506,3.086821,160.534202561,58.0187471818,72.159505,0.000309,3.548393,8.945884,0.0,0.008447,0.219452,20181225T042159_20181225T042153_T46SFA
172,93.828298,93.828298,0.31641,12.738426,160.672157337,58.8820427489,81.089872,7.741092,0.023918,1.043366,0.0,0.0,0.060154,20181225T042159_20181225T042153_T46SFB
173,62.692971,62.692971,1.179485,2.240635,161.613561767,57.7135855552,60.452336,0.000249,9.954309,15.056232,0.0,0.07564,0.166208,20181225T042159_20181225T042153_T46SGA
174,37.678352,37.678352,6.612615,31.435934,161.944885897,54.0114966139,6.172109,89.415461,1.693316,3.583642,0.070309,33.580288,0.098803,20181225T042159_20181225T042153_T47RKM
175,89.151053,89.151053,0.541787,79.31233,162.05545991,54.8909917839,9.835637,65.049177,0.071178,5.50903,0.003085,0.053673,0.260798,20181225T042159_20181225T042153_T47RKN
176,56.739786,56.739786,1.668483,23.219779,162.158310059,55.771351863,33.520007,40.177861,4.644143,23.220256,0.0,0.02158,0.264575,20181225T042159_20181225T042153_T47RKP
177,30.624687,30.624687,4.107255,2.221357,162.253614064,56.6520094958,28.40333,15.186618,12.994723,36.960912,0.0,0.408566,0.20973,20181225T042159_20181225T042153_T47RKQ
178,13.852725,13.852725,10.458143,1.288341,163.351138337,56.406023029,12.564383,98.996413,26.829034,28.048611,0.0,1.245363,0.079344,20181225T042159_20181225T042153_T47RLQ
179,30.581282,30.581282,3.517941,1.556807,162.34148072,57.5324151626,29.024476,0.288785,30.590972,20.271699,0.0,0.964621,0.122037,20181225T042159_20181225T042153_T47SKR
180,24.234247,24.234247,7.09767,0.919932,163.440014484,57.2882891119,23.314315,81.380856,27.85216,20.120488,0.0,2.876764,0.16451,20181225T042159_20181225T042153_T47SLR
181,76.230328,76.230328,0.349411,2.278416,159.808813092,54.5514645232,73.951912,0.000703,1.05943,13.077016,0.0,1.187669,0.311388,20181226T044211_20181226T044206_T45RYM
182,61.62095,61.62095,0.48429,5.931186,159.985001869,55.4095072098,55.689764,0.000249,1.381535,29.685235,0.0,2.7e-05,0.251977,20181226T044211_20181226T044206_T45RYN
183,94.498181,94.498181,0.582531,14.776874,160.154123227,56.2683558419,79.721308,0.000309,0.103378,0.633653,0.0,2e-05,0.060199,20181226T044211_20181226T044206_T45RYP
184,36.964469,36.964469,8.109421,16.853878,160.625359966,53.4152488382,20.027952,27.163005,4.677977,3.940055,0.08264,27.724048,0.275318,20181226T044211_20181226T044206_T46RBR
185,71.229539,71.229539,0.300507,2.637205,160.755660915,54.2903187695,68.592334,5.152806,0.719333,15.806887,0.0,0.326714,3.175925,20181226T044211_20181226T044206_T46RBS
186,60.896093,60.896093,1.114947,7.350588,160.87737307,55.1653276574,53.545505,0.016367,5.389086,18.482223,0.0,0.000557,5.412265,20181226T044211_20181226T044206_T46RBT
187,84.720051,84.720051,0.89159,12.800658,160.990938413,56.0412761034,71.919394,0.007123,0.950357,0.814309,0.0,1.3e-05,6.663343,20181226T044211_20181226T044206_T46RBU
188,81.520946,81.520946,0.009061,4.463489,161.096454232,56.9176174334,77.057457,0.002684,0.012475,0.236731,0.0,0.0,18.086025,20181226T044211_20181226T044206_T46RBV
189,80.602584,80.602584,0.15715,1.604322,161.844824344,54.0203958566,78.998262,93.307334,0.538674,13.369285,0.0,0.000347,1.230483,20181226T044211_20181226T044206_T46RCS
190,47.911094,47.911094,1.487256,3.771095,161.965894868,54.8977060681,44.139999,70.166683,6.880242,31.60539,0.0,0.002513,2.282982,20181226T044211_20181226T044206_T46RCT
191,76.895777,76.895777,1.904571,7.193605,162.079465402,55.7758567503,69.702172,46.133858,4.178479,7.110034,0.0,0.000671,0.524536,20181226T044211_20181226T044206_T46RCU
192,91.715607,91.715607,0.10362,10.513571,162.185677664,56.654292379,81.202036,22.06843,0.009941,2.090439,0.0,4e-06,4.638282,20181226T044211_20181226T044206_T46RCV
193,17.883374,17.883374,6.285439,13.98059,158.047471946,55.0405711561,3.798056,41.409999,6.220968,2.155729,0.104728,52.77164,0.777288,20181227T041141_20181227T041803_T46RGS
194,38.988268,38.988268,4.905587,25.040287,158.237889727,55.8897888383,13.921291,59.824049,2.001243,23.868412,0.026691,9.155145,1.061807,20181227T041141_20181227T041803_T46RGT
195,22.991509,22.991509,3.023488,2.334864,158.420711846,56.739922168,20.656645,77.880728,6.232763,38.93986,0.0,6.348532,0.95817,20181227T041141_20181227T041803_T46RGU
196,13.929214,13.929214,3.607287,5.135897,158.596085586,57.5904304018,8.793318,94.818157,20.448825,44.67839,0.0,0.453896,0.193877,20181227T041141_20181227T041803_T46RGV
197,5.154098,5.154098,1.020506,3.111852,158.833210871,53.8891432294,2.041363,0.000468,3.070233,1.100333,0.000883,78.87156,0.252459,20181227T041141_20181227T041803_T47RKL
198,13.822719,13.822719,3.74843,3.446275,158.979861221,54.7566884739,10.367084,0.000756,3.132797,14.704821,0.00936,39.758599,0.712767,20181227T041141_20181227T041803_T47RKM
199,40.399943,40.399943,2.566206,4.218252,159.117218881,55.6243335015,36.174637,0.000657,1.415993,25.952476,0.007054,6.24158,1.255406,20181227T041141_20181227T041803_T47RKN
200,39.574047,39.574047,2.299873,2.099537,159.245841922,56.493036544,37.47451,7.748003,7.360142,30.907106,0.0,1.377994,0.553796,20181227T041141_20181227T041803_T47RKP
201,22.235471,22.235471,5.172015,2.451138,159.365804925,57.3622593218,19.784333,29.846895,17.152321,39.325067,0.0,0.626725,0.158119,20181227T041141_20181227T041803_T47RKQ
202,3.299811,3.299811,0.836384,0.639875,159.907387899,53.5902277231,2.659936,0.000438,2.225132,1.897358,0.0,79.926294,0.193932,20181227T041141_20181227T041803_T47RLL
203,33.83797,33.83797,2.566318,0.601526,160.05341503,54.4604089258,33.236444,0.0014,2.545638,15.272668,0.0,19.583929,0.775357,20181227T041141_20181227T041803_T47RLM
204,45.09471,45.09471,3.356768,1.207172,160.190814081,55.3305590036,43.887538,0.00082,7.355312,18.14837,0.0,2.692339,0.631002,20181227T041141_20181227T041803_T47RLN
205,33.164745,33.164745,3.337286,1.88282,160.320105097,56.2016575772,31.281924,0.000348,14.578629,30.938137,0.0,0.125926,0.256649,20181227T041141_20181227T041803_T47RLP
206,23.799796,23.799796,5.637598,2.08116,160.44137363,57.0731657239,21.718636,0.000285,18.192224,34.719262,0.0,0.823968,0.167316,20181227T041141_20181227T041803_T47RLQ
207,20.128498,20.128498,3.632937,0.495511,161.135601406,54.1727111671,19.632988,46.462417,9.179742,14.56954,0.0,22.609875,0.841074,20181227T041141_20181227T041803_T47RMM
208,34.874353,34.874353,5.714704,1.609067,161.272734519,55.045100325,33.265287,23.631418,12.376099,9.910934,0.0,13.698962,0.405247,20181227T041141_20181227T041803_T47RMN
209,37.745545,37.745545,4.078555,3.804917,161.402388714,55.9183368934,33.940628,3.536594,15.223214,18.358482,0.0,9.173848,0.143237,20181227T041141_20181227T041803_T47RMP
210,18.689022,18.689022,8.013278,1.74542,161.524701557,56.791870254,16.943602,0.000249,18.494488,28.488448,0.0,7.923285,0.251715,20181227T041141_20181227T041803_T47RMQ
211,31.359985,31.359985,7.885697,2.088824,162.493387033,55.6429562498,29.271162,91.593039,8.069409,8.919375,0.0,17.280196,0.683185,20181227T041141_20181227T041803_T47RNP
212,11.982521,11.982521,4.511144,1.377035,159.477358541,58.2314125445,10.605486,52.494413,41.723925,23.154621,0.0,2.192959,0.088265,20181227T041141_20181227T041803_T47SKR
213,18.171004,18.171004,3.670557,1.423866,160.554880995,57.9444963111,16.747138,0.000139,23.904297,38.520712,0.0,1.620793,0.210517,20181227T041141_20181227T041803_T47SLR
214,20.016496,20.016496,1.557883,2.673923,160.660898246,58.8166810662,17.342573,0.000129,29.956934,34.222814,0.0,0.482083,0.307242,20181227T041141_20181227T041803_T47SLS
215,15.473952,15.473952,4.104082,1.316992,161.639906373,57.6651255254,14.15696,0.000182,27.55568,33.573407,0.0,1.801839,0.365617,20181227T041141_20181227T041803_T47SMR
216,15.783235,15.783235,0.747745,2.029042,161.748306664,58.5391327545,13.754193,4e-05,30.303973,45.792165,0.0,0.072319,0.125557,20181227T041141_20181227T041803_T47SMS
217,99.363163,99.363163,0.0,19.370088,162.700443887,57.3441537992,79.993075,66.999626,0.000141,0.087972,0.0,0.0,0.0,20181228T043209_20181228T043203_T46SFA
218,99.560672,99.560672,0.0,20.978266,162.822485008,58.2166782513,78.582406,33.490238,0.0,0.277979,0.0,0.0,0.0,20181228T043209_20181228T043203_T46SFB
219,45.262081,45.262081,10.305993,27.859467,157.6864167,54.1957227402,17.105182,25.290778,2.840208,1.927022,0.297432,25.546077,0.238908,20181228T043209_20181228T043927_T46RBR
220,83.538987,83.538987,0.299922,9.330697,157.843067511,55.0580232443,74.208289,47.790185,0.245321,5.134147,0.0,0.004385,2.283369,20181228T043209_20181228T043927_T46RBS
221,78.662489,78.662489,0.983638,23.410301,157.990118722,55.920496056,55.252188,69.803977,0.26555,6.175552,0.0,0.000308,10.838092,20181228T043209_20181228T043927_T46RBT
222,92.97924,92.97924,2.119984,34.923875,158.127971623,56.7841434468,58.055365,91.555876,0.265376,0.175084,0.0,0.000157,0.053162,20181228T043209_20181228T043927_T46RBU
223,88.894092,88.894092,0.277703,75.040644,158.584110015,53.0155214441,12.557317,0.0,0.093065,7.22763,1.29613,0.065179,0.238748,20181228T043209_20181228T043927_T46RCQ
224,68.758152,68.758152,6.963386,54.194313,158.749888557,53.8799472807,14.249207,0.000212,1.763983,3.763084,0.314631,7.389978,0.38643,20181228T043209_20181228T043927_T46RCR
225,87.24016,87.24016,0.749764,7.716341,158.906406511,54.745004576,79.52382,0.000335,0.269788,3.941291,0.0,0.208543,0.355995,20181228T043209_20181228T043927_T46RCS
226,78.286049,78.286049,1.386435,13.855335,159.053938325,55.6101079328,64.430714,0.000693,0.790749,11.431392,0.0,7.6e-05,1.175333,20181228T043209_20181228T043927_T46RCT
227,92.45038,92.45038,0.397804,36.733532,159.192876592,56.4762703618,55.716848,3.416648,0.442798,4.022594,0.0,2.1e-05,0.21041,20181228T043209_20181228T043927_T46RCU
228,99.300143,99.300143,0.003224,31.442311,159.323448333,57.342911547,67.857832,22.725734,0.21887,0.014396,0.0,0.0,0.000305,20181228T043209_20181228T043927_T46RCV
229,62.605909,62.605909,1.400823,48.230639,159.657987584,52.7057738317,12.210493,5.555396,7.572149,0.655196,2.164777,5.83523,1.391837,20181228T043209_20181228T043927_T46RDQ
230,71.471893,71.471893,6.345959,48.231947,159.822673223,53.5728180483,22.437495,0.000126,0.768817,3.943018,0.80245,5.032249,0.302664,20181228T043209_20181228T043927_T46RDR
231,81.535586,81.535586,1.224912,13.76761,159.978716787,54.440371893,67.757863,0.000425,1.289467,6.051518,0.010113,0.005959,0.185952,20181228T043209_20181228T043927_T46RDS
232,77.202714,77.202714,3.177921,4.709202,160.126401198,55.3078523224,72.493511,0.000375,2.424049,2.748269,0.0,0.17348,0.318978,20181228T043209_20181228T043927_T46RDT
233,82.159565,82.159565,1.368418,20.390312,160.266129903,56.1762759297,61.769253,0.000119,1.385491,4.92778,0.0,0.272969,0.292216,20181228T043209_20181228T043927_T46RDU
234,43.966462,43.966462,2.490693,24.6381,160.742283498,52.4048249686,10.553011,94.174749,15.726681,0.0,8.775351,17.593363,1.472089,20181228T043209_20181228T043927_T46REQ
235,72.510201,72.510201,8.902761,57.599229,160.905517917,53.2742142181,11.989983,73.498648,0.620817,0.388405,2.920989,8.068623,0.013922,20181228T043209_20181228T043927_T46RER
236,81.97698,81.97698,1.732701,62.976915,161.060745029,54.1439976827,18.712361,51.599634,1.052104,7.861807,0.287704,1.032135,0.12777,20181228T043209_20181228T043927_T46RES
237,56.752603,56.752603,4.292528,21.76889,161.208240373,55.0135983331,34.983712,29.724258,7.345256,8.407549,0.0,3.172259,0.59627,20181228T043209_20181228T043927_T46RET
238,77.428111,77.428111,2.043097,31.156039,161.348458125,55.8840245882,46.272072,8.12558,2.817308,5.686922,0.0,2.23118,0.237896,20181228T043209_20181228T043927_T46REU
239,97.542581,97.542581,0.02064,29.284528,161.481617902,56.7547079167,68.258053,0.0,0.021782,1.737612,0.0,0.0,0.014048,20181228T043209_20181228T043927_T46REV
240,96.972811,96.972811,0.024453,40.400714,162.438616981,55.5999211187,56.572098,96.377236,0.01676,1.188749,0.0,0.01502,0.028208,20181228T043209_20181228T043927_T46RFU
241,94.146636,94.146636,0.245586,44.919553,162.572628507,56.4722382936,49.227083,76.979154,1.076774,2.32687,0.0,0.007855,0.005563,20181228T043209_20181228T043927_T46RFV
242,90.165666,90.165666,0.267757,43.126085,157.151149354,55.2410418361,47.03958,94.406587,0.004745,6.215941,0.0,0.053207,0.008423,20181229T040149_20181229T040150_T47RLM
243,91.079548,91.079548,0.172591,45.539197,158.206867544,54.910680683,45.540351,5.519501,0.110301,6.112658,0.0,0.016108,0.01471,20181229T040149_20181229T040150_T47RMM
244,93.11817,93.11817,0.42576,40.340719,158.369596609,55.7699997597,52.777451,25.284782,1.156877,1.443139,0.0,0.179229,0.015129,20181229T040149_20181229T040150_T47RMN
245,99.82789,99.82789,0.0,21.58554,158.523810383,56.6303829111,78.24235,46.055546,0.0,0.079919,0.0,0.0,0.0,20181229T040149_20181229T040150_T47RMP
246,99.978334,99.978334,0.0,28.989905,158.669713294,57.4912600871,70.988429,66.657865,0.0,4e-05,0.0,0.0,0.0,20181229T040149_20181229T040150_T47RMQ
247,72.892818,72.892818,4.605104,49.813223,159.43604307,55.449864093,23.079595,0.0,2.102495,7.212511,0.0,2.675343,0.312464,20181229T040149_20181229T040150_T47RNN
248,99.515435,99.515435,0.0,21.273556,159.591410722,56.3124385636,78.241879,0.0,4e-05,0.322149,0.0,0.0,7e-06,20181229T040149_20181229T040150_T47RNP
249,0.172998,0.172998,0.092239,0.023475,156.666623439,53.5130837208,0.147619,49.656591,29.083833,0.0,0.001905,56.92091,3.298107,20181230T042151_20181230T042652_T46RDQ
250,1.457097,1.457097,1.436176,0.116668,156.857860892,54.3656526059,1.34043,70.375752,0.986574,1.112851,0.0,83.888501,0.092398,20181230T042151_20181230T042652_T46RDR
251,42.371023,42.371023,6.442817,0.921714,157.039473672,55.2189758502,41.449308,90.968508,1.184489,4.964217,0.0,20.146534,0.182837,20181230T042151_20181230T042652_T46RDS
252,2.231927,2.231927,0.135079,1.593266,157.721549736,53.1683747388,0.637344,1e-05,21.509662,0.0,0.001317,68.570489,2.565622,20181230T042151_20181230T042652_T46REQ
253,0.557588,0.557588,0.656287,0.402856,157.91264206,54.0236228988,0.154725,0.000259,4.520299,0.111271,7e-06,84.926099,0.070312,20181230T042151_20181230T042652_T46RER
254,28.959768,28.959768,5.235347,0.522452,158.094693906,54.8794945134,28.437316,2.782473,1.414373,2.581018,0.0,41.23182,0.143501,20181230T042151_20181230T042652_T46RES
255,57.384073,57.384073,4.587087,2.368676,158.267901938,55.7354341942,55.015397,20.035441,4.278171,1.470189,0.0,10.541674,0.531571,20181230T042151_20181230T042652_T46RET
256,49.08059,49.08059,2.971656,1.044682,158.432883253,56.5923898251,48.035908,40.004125,3.43671,4.223258,0.0,9.736995,1.701593,20181230T042151_20181230T042652_T46REU
257,73.345738,73.345738,0.860023,2.06266,158.589787902,57.4498123935,71.283078,59.814709,0.527333,4.984723,0.0,0.066885,0.500896,20181230T042151_20181230T042652_T46REV
258,2.168207,2.168207,0.604876,1.347416,158.977122864,53.6900018064,0.675131,0.000126,25.018775,0.0,0.14566,62.36614,2.631186,20181230T042151_20181230T042652_T46RFR
259,11.767691,11.767691,2.979519,7.197437,159.159241664,54.5481730271,4.570254,0.000222,1.674258,0.738012,0.0,68.128037,0.243477,20181230T042151_20181230T042652_T46RFS
260,31.035449,31.035449,4.119697,0.725026,159.33310241,55.4062941562,30.310422,0.00078,5.120717,3.816832,0.0,32.256591,0.892927,20181230T042151_20181230T042652_T46RFT
261,48.547281,48.547281,2.780032,0.83843,159.49936991,56.2653087726,47.708851,0.000989,2.30248,5.379929,0.0,12.1407,1.557104,20181230T042151_20181230T042652_T46RFU
262,61.924153,61.924153,3.075184,1.569825,159.658173255,57.1246774582,60.354328,0.000591,4.507284,7.552043,0.0,0.775795,0.459912,20181230T042151_20181230T042652_T46RFV
263,0.118663,0.118663,0.003857,0.014697,160.050117038,53.365238696,0.102577,29.294407,21.397492,0.0,0.001389,70.754302,3.588689,20181230T042151_20181230T042652_T46RGR
264,3.224496,3.224496,1.584481,0.060587,160.231909911,54.2254557792,3.163897,9.528794,4.04156,0.866584,1.1e-05,74.800903,0.682981,20181230T042151_20181230T042652_T46RGS
265,28.693773,28.693773,3.510914,0.704922,160.406075957,55.0855003186,27.988851,0.015126,1.277213,4.810918,0.0,34.340212,0.758019,20181230T042151_20181230T042652_T46RGT
266,52.754984,52.754984,3.134672,1.049814,160.573289028,55.946323167,51.70517,0.000674,2.596001,4.938222,0.0,10.690677,0.712809,20181230T042151_20181230T042652_T46RGU
267,66.465225,66.465225,3.960501,2.002903,160.733673298,56.8073888449,64.462322,0.000332,4.81789,6.857492,0.0,0.438679,0.183397,20181230T042151_20181230T042652_T46RGV
268,79.940125,79.940125,0.486675,2.813241,159.809793945,57.9838181377,77.126884,0.000192,0.948987,5.912304,0.0,0.004094,0.178653,20181230T042151_20181230T042652_T46SFA
269,91.343361,91.343361,0.037946,8.369565,159.95461953,58.8437404404,82.973796,7.939887,0.018305,2.880851,0.0,1.4e-05,0.072743,20181230T042151_20181230T042652_T46SFB
270,81.998063,81.998063,0.634701,5.132569,160.887529213,57.668115497,76.865494,0.000282,0.3778,5.571175,0.0,0.033222,0.129665,20181230T042151_20181230T042652_T46SGA
271,12.152227,12.152227,3.003665,0.070125,161.185995506,53.9699066471,12.082102,89.36395,1.262931,1.918042,0.0,55.590028,0.16979,20181230T042151_20181230T042652_T47RKM
272,50.24403,50.24403,2.948406,0.986966,161.305051477,54.8465737583,49.257064,64.995772,1.169169,4.983901,0.0,11.150004,1.188107,20181230T042151_20181230T042652_T47RKN
273,66.973872,66.973872,3.037105,1.963986,161.416104778,55.7241459842,65.009886,40.123209,1.149221,4.821187,0.0,2.262192,0.415733,20181230T042151_20181230T042652_T47RKP
274,72.606564,72.606564,4.157009,2.486272,161.519225944,56.602084316,70.120293,15.140122,2.408733,5.33186,0.0,0.349949,0.117075,20181230T042151_20181230T042652_T47RKQ
275,61.903111,61.903111,9.084406,4.358385,162.61583086,56.3451959084,57.544726,98.965764,4.156601,7.218634,0.0,0.668547,0.059348,20181230T042151_20181230T042652_T47RLQ
276,74.059458,74.059458,3.286906,4.919376,161.614654262,57.4798063762,69.140083,0.271923,3.907447,5.907358,0.0,0.650782,0.104188,20181230T042151_20181230T042652_T47SKR
277,61.987908,61.987908,7.340711,2.419759,162.712391443,57.2248874476,59.568149,81.331462,6.670515,5.267601,0.0,2.576423,0.131071,20181230T042151_20181230T042652_T47SLR
278,88.240318,88.240318,0.514246,5.208479,159.071847482,54.4843204701,83.031839,0.000879,0.661278,2.850032,0.0,1.213215,0.286004,20181231T044209_20181231T044930_T45RYM
279,78.459153,78.459153,0.686634,6.540612,159.256261964,55.3387349843,71.918541,0.00061,1.403325,12.371212,0.0,3.3e-05,0.262227,20181231T044209_20181231T044930_T45RYN
280,91.366945,91.366945,0.800833,13.00389,159.433255612,56.1940274141,78.363055,0.000322,0.500063,0.785425,0.0,7e-06,0.09141,20181231T044209_20181231T044930_T45RYP
281,19.850131,19.850131,1.661823,0.629183,159.878579095,53.341729296,19.220948,27.384681,4.322749,2.486136,0.0,53.014225,0.250234,20181231T044209_20181231T044930_T46RBR
282,83.67427,83.67427,0.468954,4.423469,160.017610308,54.2137531128,79.250801,5.312103,0.516184,4.32752,0.0,0.343123,2.695887,20181231T044209_20181231T044930_T46RBS
283,69.935501,69.935501,1.21688,7.538731,160.147759422,55.0857658798,62.396771,0.021254,6.46109,7.915176,0.0,0.001015,5.230056,20181231T044209_20181231T044930_T46RBT
284,79.899391,79.899391,0.970296,10.863831,160.269380379,55.9587919421,69.03556,0.00142,3.443014,1.700911,0.0,0.00219,5.36265,20181231T044209_20181231T044930_T46RBU
285,74.177411,74.177411,0.801875,29.975566,160.382684826,56.8322539685,44.201845,0.000853,4.642745,1.184704,0.0,0.000395,12.599701,20181231T044209_20181231T044930_T46RBV
286,92.229668,92.229668,0.281237,2.854882,161.106022608,53.9329820906,89.374787,93.451327,0.373294,2.618583,0.0,0.0,0.60711,20181231T044209_20181231T044930_T46RCS
287,53.116858,53.116858,1.87318,4.63239,161.235677319,54.807413348,48.484468,70.380896,11.177792,20.456742,0.0,0.00494,1.953854,20181231T044209_20181231T044930_T46RCT
288,61.313969,61.313969,1.532429,6.49907,161.357457232,55.6827498772,54.814899,46.344855,14.335227,11.15084,0.0,0.030665,0.545428,20181231T044209_20181231T044930_T46RCU
289,81.966195,81.966195,0.195947,41.706425,161.471591531,56.5584140602,40.25977,22.290862,5.977338,6.091728,0.0,9e-05,1.571156,20181231T044209_20181231T044930_T46RCV
